<Employee>
	<Employee number="1">
		<ID> 1 </ID>
		<Name> John Doe </Name>
		<Address> H# 38, R#3, Banani, Dhaka </Address>
		<Department> Sales </Department>
		<Salary> $20000 </Salary>
	</Employee>
	<Employee  number="2">
		<ID> 2 </ID>
		<Name> Mark Zuckerberg </Name>
		<Address> Flat# A/1, H# 20, R#18, Mirpur, Dhaka </Address>
		<Department> Accounts </Department>
		<Salary> $12000 </Salary>
	</Employee>
	<Employee  number="3">
		<ID> 3 </ID>
		<Name> Ala Voski </Name>
		<Address> H# 38, R#3, Motijheel </Address>
		<Department> Human Resource </Department>
		<Salary> $30000 </Salary>
	</Employee>
</Employee>